https://www.jav.ink/wp-content/uploads/2020/02/10/gra_uta-y_sp121.jpg,D:/PPic/GraphisDataSet/Uta_Yumemite_粢照うた/gra_uta-y_sp121.jpg,blq
https://www.jav.ink/wp-content/uploads/2020/02/10/gra_uta-y_sp122.jpg,D:/PPic/GraphisDataSet/Uta_Yumemite_粢照うた/gra_uta-y_sp122.jpg,bgx
https://www.jav.ink/wp-content/uploads/2020/02/10/gra_uta-y_sp124.jpg,D:/PPic/GraphisDataSet/Uta_Yumemite_粢照うた/gra_uta-y_sp124.jpg,ylq
https://www.jav.ink/wp-content/uploads/2020/02/10/gra_uta-y_sp125.jpg,D:/PPic/GraphisDataSet/Uta_Yumemite_粢照うた/gra_uta-y_sp125.jpg,yls
https://www.jav.ink/wp-content/uploads/2020/02/10/gra_uta-y_sp127.jpg,D:/PPic/GraphisDataSet/Uta_Yumemite_粢照うた/gra_uta-y_sp127.jpg,ylq
https://www.jav.ink/wp-content/uploads/2020/02/10/gra_uta-y_sp128.jpg,D:/PPic/GraphisDataSet/Uta_Yumemite_粢照うた/gra_uta-y_sp128.jpg,ylq
https://www.jav.ink/wp-content/uploads/2020/02/10/gra_uta-y_sp129.jpg,D:/PPic/GraphisDataSet/Uta_Yumemite_粢照うた/gra_uta-y_sp129.jpg,yls
https://www.jav.ink/wp-content/uploads/2020/02/10/gra_uta-y_sp130.jpg,D:/PPic/GraphisDataSet/Uta_Yumemite_粢照うた/gra_uta-y_sp130.jpg,nzq
https://www.jav.ink/wp-content/uploads/2020/02/10/gra_uta-y_sp131.jpg,D:/PPic/GraphisDataSet/Uta_Yumemite_粢照うた/gra_uta-y_sp131.jpg,ngq
https://www.jav.ink/wp-content/uploads/2020/02/10/gra_uta-y_sp132.jpg,D:/PPic/GraphisDataSet/Uta_Yumemite_粢照うた/gra_uta-y_sp132.jpg,ngx
https://www.jav.ink/wp-content/uploads/2020/02/10/gra_uta-y_sp134.jpg,D:/PPic/GraphisDataSet/Uta_Yumemite_粢照うた/gra_uta-y_sp134.jpg,nzq
https://www.jav.ink/wp-content/uploads/2020/02/10/gra_uta-y_sp135.jpg,D:/PPic/GraphisDataSet/Uta_Yumemite_粢照うた/gra_uta-y_sp135.jpg,---
https://www.jav.ink/wp-content/uploads/2020/02/10/gra_uta-y_sp138.jpg,D:/PPic/GraphisDataSet/Uta_Yumemite_粢照うた/gra_uta-y_sp138.jpg,qzq
https://www.jav.ink/wp-content/uploads/2020/02/10/gra_uta-y_sp140.jpg,D:/PPic/GraphisDataSet/Uta_Yumemite_粢照うた/gra_uta-y_sp140.jpg,qpq
https://www.jav.ink/wp-content/uploads/2020/02/10/gra_uta-y_sp143.jpg,D:/PPic/GraphisDataSet/Uta_Yumemite_粢照うた/gra_uta-y_sp143.jpg,qzq
https://www.jav.ink/wp-content/uploads/2020/02/10/gra_uta-y_sp145.jpg,D:/PPic/GraphisDataSet/Uta_Yumemite_粢照うた/gra_uta-y_sp145.jpg,qjs
https://www.jav.ink/wp-content/uploads/2020/02/10/gra_uta-y_sp146.jpg,D:/PPic/GraphisDataSet/Uta_Yumemite_粢照うた/gra_uta-y_sp146.jpg,qpq
https://www.jav.ink/wp-content/uploads/2020/02/10/gra_uta-y_sp147-1.jpg,D:/PPic/GraphisDataSet/Uta_Yumemite_粢照うた/gra_uta-y_sp147-1.jpg,qps
https://www.jav.ink/wp-content/uploads/2020/02/10/gra_uta-y_sp149.jpg,D:/PPic/GraphisDataSet/Uta_Yumemite_粢照うた/gra_uta-y_sp149.jpg,qjl
https://www.jav.ink/wp-content/uploads/2020/02/10/gra_uta-y_sp151.jpg,D:/PPic/GraphisDataSet/Uta_Yumemite_粢照うた/gra_uta-y_sp151.jpg,ylq
https://www.jav.ink/wp-content/uploads/2020/02/10/gra_uta-y_sp152.jpg,D:/PPic/GraphisDataSet/Uta_Yumemite_粢照うた/gra_uta-y_sp152.jpg,yjt
https://www.jav.ink/wp-content/uploads/2020/02/10/gra_uta-y_sp153.jpg,D:/PPic/GraphisDataSet/Uta_Yumemite_粢照うた/gra_uta-y_sp153.jpg,ylq
https://www.jav.ink/wp-content/uploads/2020/02/10/gra_uta-y_sp156.jpg,D:/PPic/GraphisDataSet/Uta_Yumemite_粢照うた/gra_uta-y_sp156.jpg,njb
https://www.jav.ink/wp-content/uploads/2020/02/10/gra_uta-y_sp160.jpg,D:/PPic/GraphisDataSet/Uta_Yumemite_粢照うた/gra_uta-y_sp160.jpg,bgq
https://www.jav.ink/wp-content/uploads/2020/02/10/gra_tsumugi-a3_sp101.jpg,D:/PPic/GraphisDataSet/Tsumugi_Akari_明里つむぎ_2/gra_tsumugi-a3_sp101.jpg,qpq
https://www.jav.ink/wp-content/uploads/2020/02/10/gra_tsumugi-a3_sp102.jpg,D:/PPic/GraphisDataSet/Tsumugi_Akari_明里つむぎ_2/gra_tsumugi-a3_sp102.jpg,qgq
https://www.jav.ink/wp-content/uploads/2020/02/10/gra_tsumugi-a3_sp104.jpg,D:/PPic/GraphisDataSet/Tsumugi_Akari_明里つむぎ_2/gra_tsumugi-a3_sp104.jpg,ylq
https://www.jav.ink/wp-content/uploads/2020/02/10/gra_tsumugi-a3_sp105.jpg,D:/PPic/GraphisDataSet/Tsumugi_Akari_明里つむぎ_2/gra_tsumugi-a3_sp105.jpg,ylq
https://www.jav.ink/wp-content/uploads/2020/02/10/gra_tsumugi-a3_sp107-1.jpg,D:/PPic/GraphisDataSet/Tsumugi_Akari_明里つむぎ_2/gra_tsumugi-a3_sp107-1.jpg,ylq
https://www.jav.ink/wp-content/uploads/2020/02/10/gra_tsumugi-a3_sp109.jpg,D:/PPic/GraphisDataSet/Tsumugi_Akari_明里つむぎ_2/gra_tsumugi-a3_sp109.jpg,blq
https://www.jav.ink/wp-content/uploads/2020/02/10/gra_tsumugi-a3_sp111.jpg,D:/PPic/GraphisDataSet/Tsumugi_Akari_明里つむぎ_2/gra_tsumugi-a3_sp111.jpg,bzq
https://www.jav.ink/wp-content/uploads/2020/02/10/gra_tsumugi-a3_sp112.jpg,D:/PPic/GraphisDataSet/Tsumugi_Akari_明里つむぎ_2/gra_tsumugi-a3_sp112.jpg,bgx
https://www.jav.ink/wp-content/uploads/2020/02/10/gra_tsumugi-a3_sp113.jpg,D:/PPic/GraphisDataSet/Tsumugi_Akari_明里つむぎ_2/gra_tsumugi-a3_sp113.jpg,bgx
https://www.jav.ink/wp-content/uploads/2020/02/10/gra_tsumugi-a3_sp114.jpg,D:/PPic/GraphisDataSet/Tsumugi_Akari_明里つむぎ_2/gra_tsumugi-a3_sp114.jpg,bpq
https://www.jav.ink/wp-content/uploads/2020/02/10/gra_tsumugi-a3_sp115.jpg,D:/PPic/GraphisDataSet/Tsumugi_Akari_明里つむぎ_2/gra_tsumugi-a3_sp115.jpg,ntp
https://www.jav.ink/wp-content/uploads/2020/02/10/gra_tsumugi-a3_sp116.jpg,D:/PPic/GraphisDataSet/Tsumugi_Akari_明里つむぎ_2/gra_tsumugi-a3_sp116.jpg,qjs
https://www.jav.ink/wp-content/uploads/2020/02/10/gra_tsumugi-a3_sp117.jpg,D:/PPic/GraphisDataSet/Tsumugi_Akari_明里つむぎ_2/gra_tsumugi-a3_sp117.jpg,qlq
https://www.jav.ink/wp-content/uploads/2020/02/10/gra_tsumugi-a3_sp118.jpg,D:/PPic/GraphisDataSet/Tsumugi_Akari_明里つむぎ_2/gra_tsumugi-a3_sp118.jpg,qlq
https://www.jav.ink/wp-content/uploads/2020/02/10/gra_tsumugi-a3_sp119.jpg,D:/PPic/GraphisDataSet/Tsumugi_Akari_明里つむぎ_2/gra_tsumugi-a3_sp119.jpg,yzq
https://www.jav.ink/wp-content/uploads/2020/02/10/gra_tsumugi-a3_sp120.jpg,D:/PPic/GraphisDataSet/Tsumugi_Akari_明里つむぎ_2/gra_tsumugi-a3_sp120.jpg,yjs
https://www.jav.ink/wp-content/uploads/2020/02/10/gra_matsuri-k5_sp121.jpg,D:/PPic/GraphisDataSet/Matsuri_Kiritani_桐谷まつり_Le_soleil/gra_matsuri-k5_sp121.jpg,bgq
https://www.jav.ink/wp-content/uploads/2020/02/10/gra_matsuri-k5_sp123.jpg,D:/PPic/GraphisDataSet/Matsuri_Kiritani_桐谷まつり_Le_soleil/gra_matsuri-k5_sp123.jpg,bzq
https://www.jav.ink/wp-content/uploads/2020/02/10/gra_matsuri-k5_sp126.jpg,D:/PPic/GraphisDataSet/Matsuri_Kiritani_桐谷まつり_Le_soleil/gra_matsuri-k5_sp126.jpg,bzq
https://www.jav.ink/wp-content/uploads/2020/02/10/gra_matsuri-k5_sp127.jpg,D:/PPic/GraphisDataSet/Matsuri_Kiritani_桐谷まつり_Le_soleil/gra_matsuri-k5_sp127.jpg,bzq
https://www.jav.ink/wp-content/uploads/2020/02/10/gra_matsuri-k5_sp128.jpg,D:/PPic/GraphisDataSet/Matsuri_Kiritani_桐谷まつり_Le_soleil/gra_matsuri-k5_sp128.jpg,ylq
https://www.jav.ink/wp-content/uploads/2020/02/10/gra_matsuri-k5_sp129.jpg,D:/PPic/GraphisDataSet/Matsuri_Kiritani_桐谷まつり_Le_soleil/gra_matsuri-k5_sp129.jpg,ylq
https://www.jav.ink/wp-content/uploads/2020/02/10/gra_matsuri-k5_sp130.jpg,D:/PPic/GraphisDataSet/Matsuri_Kiritani_桐谷まつり_Le_soleil/gra_matsuri-k5_sp130.jpg,ylq
https://www.jav.ink/wp-content/uploads/2020/02/10/gra_matsuri-k5_sp131.jpg,D:/PPic/GraphisDataSet/Matsuri_Kiritani_桐谷まつり_Le_soleil/gra_matsuri-k5_sp131.jpg,yls
https://www.jav.ink/wp-content/uploads/2020/02/10/gra_matsuri-k5_sp132.jpg,D:/PPic/GraphisDataSet/Matsuri_Kiritani_桐谷まつり_Le_soleil/gra_matsuri-k5_sp132.jpg,ylq
https://www.jav.ink/wp-content/uploads/2020/02/10/gra_matsuri-k5_sp133.jpg,D:/PPic/GraphisDataSet/Matsuri_Kiritani_桐谷まつり_Le_soleil/gra_matsuri-k5_sp133.jpg,ylq
https://www.jav.ink/wp-content/uploads/2020/02/10/gra_matsuri-k5_sp134.jpg,D:/PPic/GraphisDataSet/Matsuri_Kiritani_桐谷まつり_Le_soleil/gra_matsuri-k5_sp134.jpg,ylq
https://www.jav.ink/wp-content/uploads/2020/02/10/gra_matsuri-k5_sp136.jpg,D:/PPic/GraphisDataSet/Matsuri_Kiritani_桐谷まつり_Le_soleil/gra_matsuri-k5_sp136.jpg,yzd
https://www.jav.ink/wp-content/uploads/2020/02/10/gra_matsuri-k5_sp137.jpg,D:/PPic/GraphisDataSet/Matsuri_Kiritani_桐谷まつり_Le_soleil/gra_matsuri-k5_sp137.jpg,ylq
https://www.jav.ink/wp-content/uploads/2020/02/10/gra_matsuri-k5_sp139.jpg,D:/PPic/GraphisDataSet/Matsuri_Kiritani_桐谷まつり_Le_soleil/gra_matsuri-k5_sp139.jpg,bzq
https://www.jav.ink/wp-content/uploads/2020/02/10/gra_matsuri-k5_sp140.jpg,D:/PPic/GraphisDataSet/Matsuri_Kiritani_桐谷まつり_Le_soleil/gra_matsuri-k5_sp140.jpg,ygq
https://www.jav.ink/wp-content/uploads/2020/02/10/gra_matsuri-k5_sp142.jpg,D:/PPic/GraphisDataSet/Matsuri_Kiritani_桐谷まつり_Le_soleil/gra_matsuri-k5_sp142.jpg,bps
https://www.jav.ink/wp-content/uploads/2020/02/10/gra_matsuri-k5_sp144.jpg,D:/PPic/GraphisDataSet/Matsuri_Kiritani_桐谷まつり_Le_soleil/gra_matsuri-k5_sp144.jpg,bjs
https://www.jav.ink/wp-content/uploads/2020/02/10/gra_matsuri-k5_sp149.jpg,D:/PPic/GraphisDataSet/Matsuri_Kiritani_桐谷まつり_Le_soleil/gra_matsuri-k5_sp149.jpg,bgq
https://www.jav.ink/wp-content/uploads/2020/02/10/gra_matsuri-k5_sp150.jpg,D:/PPic/GraphisDataSet/Matsuri_Kiritani_桐谷まつり_Le_soleil/gra_matsuri-k5_sp150.jpg,bgq
https://www.jav.ink/wp-content/uploads/2020/02/10/gra_matsuri-k5_sp152.jpg,D:/PPic/GraphisDataSet/Matsuri_Kiritani_桐谷まつり_Le_soleil/gra_matsuri-k5_sp152.jpg,bgq
https://www.jav.ink/wp-content/uploads/2020/02/10/gra_matsuri-k5_sp157.jpg,D:/PPic/GraphisDataSet/Matsuri_Kiritani_桐谷まつり_Le_soleil/gra_matsuri-k5_sp157.jpg,bpq
https://www.jav.ink/wp-content/uploads/2020/02/10/gra_matsuri-k5_sp160.jpg,D:/PPic/GraphisDataSet/Matsuri_Kiritani_桐谷まつり_Le_soleil/gra_matsuri-k5_sp160.jpg,qzq
https://www.jav.ink/wp-content/uploads/2020/02/10/gra_mayumi-y181.jpg,D:/PPic/GraphisDataSet/Mayumi_Yamanaka_山中真由美_3/gra_mayumi-y181.jpg,qjs
https://www.jav.ink/wp-content/uploads/2020/02/10/gra_mayumi-y182.jpg,D:/PPic/GraphisDataSet/Mayumi_Yamanaka_山中真由美_3/gra_mayumi-y182.jpg,blq
https://www.jav.ink/wp-content/uploads/2020/02/10/gra_mayumi-y183.jpg,D:/PPic/GraphisDataSet/Mayumi_Yamanaka_山中真由美_3/gra_mayumi-y183.jpg,ygq
https://www.jav.ink/wp-content/uploads/2020/02/10/gra_mayumi-y184.jpg,D:/PPic/GraphisDataSet/Mayumi_Yamanaka_山中真由美_3/gra_mayumi-y184.jpg,ylq
https://www.jav.ink/wp-content/uploads/2020/02/10/gra_mayumi-y185.jpg,D:/PPic/GraphisDataSet/Mayumi_Yamanaka_山中真由美_3/gra_mayumi-y185.jpg,yjs
https://www.jav.ink/wp-content/uploads/2020/02/10/gra_mayumi-y186.jpg,D:/PPic/GraphisDataSet/Mayumi_Yamanaka_山中真由美_3/gra_mayumi-y186.jpg,yjs
https://www.jav.ink/wp-content/uploads/2020/02/10/gra_mayumi-y187.jpg,D:/PPic/GraphisDataSet/Mayumi_Yamanaka_山中真由美_3/gra_mayumi-y187.jpg,yjd
https://www.jav.ink/wp-content/uploads/2020/02/10/gra_mayumi-y188.jpg,D:/PPic/GraphisDataSet/Mayumi_Yamanaka_山中真由美_3/gra_mayumi-y188.jpg,yjd
https://www.jav.ink/wp-content/uploads/2020/02/10/gra_mayumi-y189.jpg,D:/PPic/GraphisDataSet/Mayumi_Yamanaka_山中真由美_3/gra_mayumi-y189.jpg,yzq
https://www.jav.ink/wp-content/uploads/2020/02/10/gra_mayumi-y190.jpg,D:/PPic/GraphisDataSet/Mayumi_Yamanaka_山中真由美_3/gra_mayumi-y190.jpg,yjs
https://www.jav.ink/wp-content/uploads/2020/02/10/gra_mayumi-y191.jpg,D:/PPic/GraphisDataSet/Mayumi_Yamanaka_山中真由美_3/gra_mayumi-y191.jpg,yjl
https://www.jav.ink/wp-content/uploads/2020/02/10/gra_mayumi-y192.jpg,D:/PPic/GraphisDataSet/Mayumi_Yamanaka_山中真由美_3/gra_mayumi-y192.jpg,yjl
https://www.jav.ink/wp-content/uploads/2020/02/10/gra_mayumi-y193.jpg,D:/PPic/GraphisDataSet/Mayumi_Yamanaka_山中真由美_3/gra_mayumi-y193.jpg,yps
https://www.jav.ink/wp-content/uploads/2020/02/10/gra_mayumi-y194.jpg,D:/PPic/GraphisDataSet/Mayumi_Yamanaka_山中真由美_3/gra_mayumi-y194.jpg,yjt
https://www.jav.ink/wp-content/uploads/2020/02/10/gra_mayumi-y195.jpg,D:/PPic/GraphisDataSet/Mayumi_Yamanaka_山中真由美_3/gra_mayumi-y195.jpg,yjt
https://www.jav.ink/wp-content/uploads/2020/02/10/gra_mayumi-y196.jpg,D:/PPic/GraphisDataSet/Mayumi_Yamanaka_山中真由美_3/gra_mayumi-y196.jpg,yzq
https://www.jav.ink/wp-content/uploads/2020/02/10/gra_mayumi-y197.jpg,D:/PPic/GraphisDataSet/Mayumi_Yamanaka_山中真由美_3/gra_mayumi-y197.jpg,tzq
https://www.jav.ink/wp-content/uploads/2020/02/10/gra_mayumi-y198.jpg,D:/PPic/GraphisDataSet/Mayumi_Yamanaka_山中真由美_3/gra_mayumi-y198.jpg,yld
https://www.jav.ink/wp-content/uploads/2020/02/10/gra_mayumi-y199.jpg,D:/PPic/GraphisDataSet/Mayumi_Yamanaka_山中真由美_3/gra_mayumi-y199.jpg,yjt
https://www.jav.ink/wp-content/uploads/2020/02/10/gra_mayumi-y200.jpg,D:/PPic/GraphisDataSet/Mayumi_Yamanaka_山中真由美_3/gra_mayumi-y200.jpg,yjl
https://www.jav.ink/wp-content/uploads/2020/02/10/gra_mayumi-y143.jpg,D:/PPic/GraphisDataSet/Mayumi_Yamanaka_山中真由美_2/gra_mayumi-y143.jpg,btq
https://www.jav.ink/wp-content/uploads/2020/02/10/gra_mayumi-y144.jpg,D:/PPic/GraphisDataSet/Mayumi_Yamanaka_山中真由美_2/gra_mayumi-y144.jpg,nlq
https://www.jav.ink/wp-content/uploads/2020/02/10/gra_mayumi-y145.jpg,D:/PPic/GraphisDataSet/Mayumi_Yamanaka_山中真由美_2/gra_mayumi-y145.jpg,nlq
https://www.jav.ink/wp-content/uploads/2020/02/10/gra_mayumi-y146.jpg,D:/PPic/GraphisDataSet/Mayumi_Yamanaka_山中真由美_2/gra_mayumi-y146.jpg,ylq
https://www.jav.ink/wp-content/uploads/2020/02/10/gra_mayumi-y147.jpg,D:/PPic/GraphisDataSet/Mayumi_Yamanaka_山中真由美_2/gra_mayumi-y147.jpg,yzq
https://www.jav.ink/wp-content/uploads/2020/02/10/gra_mayumi-y149.jpg,D:/PPic/GraphisDataSet/Mayumi_Yamanaka_山中真由美_2/gra_mayumi-y149.jpg,ygq
https://www.jav.ink/wp-content/uploads/2020/02/10/gra_mayumi-y150.jpg,D:/PPic/GraphisDataSet/Mayumi_Yamanaka_山中真由美_2/gra_mayumi-y150.jpg,nls
https://www.jav.ink/wp-content/uploads/2020/02/10/gra_mayumi-y151.jpg,D:/PPic/GraphisDataSet/Mayumi_Yamanaka_山中真由美_2/gra_mayumi-y151.jpg,nls
https://www.jav.ink/wp-content/uploads/2020/02/10/gra_mayumi-y152.jpg,D:/PPic/GraphisDataSet/Mayumi_Yamanaka_山中真由美_2/gra_mayumi-y152.jpg,nlq
https://www.jav.ink/wp-content/uploads/2020/02/10/gra_mayumi-y153.jpg,D:/PPic/GraphisDataSet/Mayumi_Yamanaka_山中真由美_2/gra_mayumi-y153.jpg,nls
https://www.jav.ink/wp-content/uploads/2020/02/10/gra_mayumi-y154.jpg,D:/PPic/GraphisDataSet/Mayumi_Yamanaka_山中真由美_2/gra_mayumi-y154.jpg,njs
https://www.jav.ink/wp-content/uploads/2020/02/10/gra_mayumi-y155.jpg,D:/PPic/GraphisDataSet/Mayumi_Yamanaka_山中真由美_2/gra_mayumi-y155.jpg,ngq
https://www.jav.ink/wp-content/uploads/2020/02/10/gra_mayumi-y156.jpg,D:/PPic/GraphisDataSet/Mayumi_Yamanaka_山中真由美_2/gra_mayumi-y156.jpg,ngq
https://www.jav.ink/wp-content/uploads/2020/02/10/gra_mayumi-y157.jpg,D:/PPic/GraphisDataSet/Mayumi_Yamanaka_山中真由美_2/gra_mayumi-y157.jpg,nlq
https://www.jav.ink/wp-content/uploads/2020/02/10/gra_mayumi-y158-1.jpg,D:/PPic/GraphisDataSet/Mayumi_Yamanaka_山中真由美_2/gra_mayumi-y158-1.jpg,nlq
https://www.jav.ink/wp-content/uploads/2020/02/10/gra_mayumi-y159.jpg,D:/PPic/GraphisDataSet/Mayumi_Yamanaka_山中真由美_2/gra_mayumi-y159.jpg,nlq
https://www.jav.ink/wp-content/uploads/2020/02/10/gra_mayumi-y160.jpg,D:/PPic/GraphisDataSet/Mayumi_Yamanaka_山中真由美_2/gra_mayumi-y160.jpg,nlq
https://www.jav.ink/wp-content/uploads/2020/02/10/gra_mayumi-y121.jpg,D:/PPic/GraphisDataSet/Mayumi_Yamanaka_山中真由美/gra_mayumi-y121.jpg,nlq
https://www.jav.ink/wp-content/uploads/2020/02/10/gra_mayumi-y122.jpg,D:/PPic/GraphisDataSet/Mayumi_Yamanaka_山中真由美/gra_mayumi-y122.jpg,n-s
https://www.jav.ink/wp-content/uploads/2020/02/10/gra_mayumi-y123.jpg,D:/PPic/GraphisDataSet/Mayumi_Yamanaka_山中真由美/gra_mayumi-y123.jpg,njx
https://www.jav.ink/wp-content/uploads/2020/02/10/gra_mayumi-y124.jpg,D:/PPic/GraphisDataSet/Mayumi_Yamanaka_山中真由美/gra_mayumi-y124.jpg,bzs
https://www.jav.ink/wp-content/uploads/2020/02/10/gra_mayumi-y125.jpg,D:/PPic/GraphisDataSet/Mayumi_Yamanaka_山中真由美/gra_mayumi-y125.jpg,bjs
https://www.jav.ink/wp-content/uploads/2020/02/10/gra_mayumi-y126.jpg,D:/PPic/GraphisDataSet/Mayumi_Yamanaka_山中真由美/gra_mayumi-y126.jpg,bld
https://www.jav.ink/wp-content/uploads/2020/02/10/gra_mayumi-y127.jpg,D:/PPic/GraphisDataSet/Mayumi_Yamanaka_山中真由美/gra_mayumi-y127.jpg,bls
https://www.jav.ink/wp-content/uploads/2020/02/10/gra_mayumi-y128.jpg,D:/PPic/GraphisDataSet/Mayumi_Yamanaka_山中真由美/gra_mayumi-y128.jpg,njp
https://www.jav.ink/wp-content/uploads/2020/02/10/gra_mayumi-y129.jpg,D:/PPic/GraphisDataSet/Mayumi_Yamanaka_山中真由美/gra_mayumi-y129.jpg,bzs
https://www.jav.ink/wp-content/uploads/2020/02/10/gra_mayumi-y130.jpg,D:/PPic/GraphisDataSet/Mayumi_Yamanaka_山中真由美/gra_mayumi-y130.jpg,nzq
https://www.jav.ink/wp-content/uploads/2020/02/10/gra_mayumi-y131.jpg,D:/PPic/GraphisDataSet/Mayumi_Yamanaka_山中真由美/gra_mayumi-y131.jpg,nzq
https://www.jav.ink/wp-content/uploads/2020/02/10/gra_mayumi-y133.jpg,D:/PPic/GraphisDataSet/Mayumi_Yamanaka_山中真由美/gra_mayumi-y133.jpg,nzq
https://www.jav.ink/wp-content/uploads/2020/02/10/gra_mayumi-y134.jpg,D:/PPic/GraphisDataSet/Mayumi_Yamanaka_山中真由美/gra_mayumi-y134.jpg,njs
https://www.jav.ink/wp-content/uploads/2020/02/10/gra_mayumi-y135.jpg,D:/PPic/GraphisDataSet/Mayumi_Yamanaka_山中真由美/gra_mayumi-y135.jpg,njs
https://www.jav.ink/wp-content/uploads/2020/02/10/gra_mayumi-y137.jpg,D:/PPic/GraphisDataSet/Mayumi_Yamanaka_山中真由美/gra_mayumi-y137.jpg,qjo
https://www.jav.ink/wp-content/uploads/2020/02/10/gra_mayumi-y139.jpg,D:/PPic/GraphisDataSet/Mayumi_Yamanaka_山中真由美/gra_mayumi-y139.jpg,qjl
https://www.jav.ink/wp-content/uploads/2020/02/10/gra_julia8_sp141.jpg,D:/PPic/GraphisDataSet/JULIA_The_Cool_Beauty_2/gra_julia8_sp141.jpg,yzq
https://www.jav.ink/wp-content/uploads/2020/02/10/gra_julia8_sp143.jpg,D:/PPic/GraphisDataSet/JULIA_The_Cool_Beauty_2/gra_julia8_sp143.jpg,yts
https://www.jav.ink/wp-content/uploads/2020/02/10/gra_julia8_sp144.jpg,D:/PPic/GraphisDataSet/JULIA_The_Cool_Beauty_2/gra_julia8_sp144.jpg,njb
https://www.jav.ink/wp-content/uploads/2020/02/10/gra_julia8_sp148.jpg,D:/PPic/GraphisDataSet/JULIA_The_Cool_Beauty_2/gra_julia8_sp148.jpg,qjs
https://www.jav.ink/wp-content/uploads/2020/02/10/gra_julia8_sp150.jpg,D:/PPic/GraphisDataSet/JULIA_The_Cool_Beauty_2/gra_julia8_sp150.jpg,bpq
https://www.jav.ink/wp-content/uploads/2020/02/10/gra_julia8_sp151.jpg,D:/PPic/GraphisDataSet/JULIA_The_Cool_Beauty_2/gra_julia8_sp151.jpg,njp
https://www.jav.ink/wp-content/uploads/2020/02/10/gra_julia8_sp152.jpg,D:/PPic/GraphisDataSet/JULIA_The_Cool_Beauty_2/gra_julia8_sp152.jpg,btq
https://www.jav.ink/wp-content/uploads/2020/02/10/gra_julia8_sp153.jpg,D:/PPic/GraphisDataSet/JULIA_The_Cool_Beauty_2/gra_julia8_sp153.jpg,bjs
https://www.jav.ink/wp-content/uploads/2020/02/10/gra_julia8_sp154.jpg,D:/PPic/GraphisDataSet/JULIA_The_Cool_Beauty_2/gra_julia8_sp154.jpg,bjx
https://www.jav.ink/wp-content/uploads/2020/02/10/gra_julia8_sp155.jpg,D:/PPic/GraphisDataSet/JULIA_The_Cool_Beauty_2/gra_julia8_sp155.jpg,btq
https://www.jav.ink/wp-content/uploads/2020/02/10/gra_julia8_sp157.jpg,D:/PPic/GraphisDataSet/JULIA_The_Cool_Beauty_2/gra_julia8_sp157.jpg,bjs
https://www.jav.ink/wp-content/uploads/2020/02/10/gra_julia8_sp159.jpg,D:/PPic/GraphisDataSet/JULIA_The_Cool_Beauty_2/gra_julia8_sp159.jpg,qzq
https://www.jav.ink/wp-content/uploads/2020/02/10/gra_julia8_sp121.jpg,D:/PPic/GraphisDataSet/JULIA_The_Cool_Beauty/gra_julia8_sp121.jpg,yjs
https://www.jav.ink/wp-content/uploads/2020/02/10/gra_julia8_sp123.jpg,D:/PPic/GraphisDataSet/JULIA_The_Cool_Beauty/gra_julia8_sp123.jpg,yjs
https://www.jav.ink/wp-content/uploads/2020/02/10/gra_julia8_sp124.jpg,D:/PPic/GraphisDataSet/JULIA_The_Cool_Beauty/gra_julia8_sp124.jpg,yls
https://www.jav.ink/wp-content/uploads/2020/02/10/gra_julia8_sp125.jpg,D:/PPic/GraphisDataSet/JULIA_The_Cool_Beauty/gra_julia8_sp125.jpg,ylq
https://www.jav.ink/wp-content/uploads/2020/02/10/gra_julia8_sp126.jpg,D:/PPic/GraphisDataSet/JULIA_The_Cool_Beauty/gra_julia8_sp126.jpg,ydq
https://www.jav.ink/wp-content/uploads/2020/02/10/gra_julia8_sp127.jpg,D:/PPic/GraphisDataSet/JULIA_The_Cool_Beauty/gra_julia8_sp127.jpg,yjs
https://www.jav.ink/wp-content/uploads/2020/02/10/gra_julia8_sp129.jpg,D:/PPic/GraphisDataSet/JULIA_The_Cool_Beauty/gra_julia8_sp129.jpg,yjx
https://www.jav.ink/wp-content/uploads/2020/02/10/gra_julia8_sp130.jpg,D:/PPic/GraphisDataSet/JULIA_The_Cool_Beauty/gra_julia8_sp130.jpg,bzq
https://www.jav.ink/wp-content/uploads/2020/02/10/gra_julia8_sp132.jpg,D:/PPic/GraphisDataSet/JULIA_The_Cool_Beauty/gra_julia8_sp132.jpg,qlq
https://www.jav.ink/wp-content/uploads/2020/02/10/gra_julia8_sp134.jpg,D:/PPic/GraphisDataSet/JULIA_The_Cool_Beauty/gra_julia8_sp134.jpg,qlq
https://www.jav.ink/wp-content/uploads/2020/02/10/gra_julia8_sp135.jpg,D:/PPic/GraphisDataSet/JULIA_The_Cool_Beauty/gra_julia8_sp135.jpg,yts
https://www.jav.ink/wp-content/uploads/2020/02/10/gra_julia8_sp137.jpg,D:/PPic/GraphisDataSet/JULIA_The_Cool_Beauty/gra_julia8_sp137.jpg,ytl
https://www.jav.ink/wp-content/uploads/2020/02/10/gra_julia8_sp138.jpg,D:/PPic/GraphisDataSet/JULIA_The_Cool_Beauty/gra_julia8_sp138.jpg,yjl
https://www.jav.ink/wp-content/uploads/2020/02/10/gra_julia8_sp139.jpg,D:/PPic/GraphisDataSet/JULIA_The_Cool_Beauty/gra_julia8_sp139.jpg,ygq
https://www.jav.ink/wp-content/uploads/2020/02/10/gra_julia8_sp140.jpg,D:/PPic/GraphisDataSet/JULIA_The_Cool_Beauty/gra_julia8_sp140.jpg,yjs
https://www.jav.ink/wp-content/uploads/2020/02/10/gra_amin-n_ltd041.jpg,D:/PPic/GraphisDataSet/Amin_Niina_新名あみん_2/gra_amin-n_ltd041.jpg,yzd
https://www.jav.ink/wp-content/uploads/2020/02/10/gra_amin-n_ltd042.jpg,D:/PPic/GraphisDataSet/Amin_Niina_新名あみん_2/gra_amin-n_ltd042.jpg,yzs
https://www.jav.ink/wp-content/uploads/2020/02/10/gra_amin-n_ltd044.jpg,D:/PPic/GraphisDataSet/Amin_Niina_新名あみん_2/gra_amin-n_ltd044.jpg,yzs
https://www.jav.ink/wp-content/uploads/2020/02/10/gra_amin-n_ltd045.jpg,D:/PPic/GraphisDataSet/Amin_Niina_新名あみん_2/gra_amin-n_ltd045.jpg,ytq
https://www.jav.ink/wp-content/uploads/2020/02/10/gra_amin-n_ltd048.jpg,D:/PPic/GraphisDataSet/Amin_Niina_新名あみん_2/gra_amin-n_ltd048.jpg,bts
https://www.jav.ink/wp-content/uploads/2020/02/10/gra_amin-n_ltd050.jpg,D:/PPic/GraphisDataSet/Amin_Niina_新名あみん_2/gra_amin-n_ltd050.jpg,bpq
https://www.jav.ink/wp-content/uploads/2020/02/10/gra_amin-n_ltd052.jpg,D:/PPic/GraphisDataSet/Amin_Niina_新名あみん_2/gra_amin-n_ltd052.jpg,ygq
https://www.jav.ink/wp-content/uploads/2020/02/10/gra_amin-n_ltd054.jpg,D:/PPic/GraphisDataSet/Amin_Niina_新名あみん_2/gra_amin-n_ltd054.jpg,yjs
https://www.jav.ink/wp-content/uploads/2020/02/10/gra_amin-n_ltd056.jpg,D:/PPic/GraphisDataSet/Amin_Niina_新名あみん_2/gra_amin-n_ltd056.jpg,bzq
https://www.jav.ink/wp-content/uploads/2020/02/10/gra_amin-n_ltd057.jpg,D:/PPic/GraphisDataSet/Amin_Niina_新名あみん_2/gra_amin-n_ltd057.jpg,bjs
https://www.jav.ink/wp-content/uploads/2020/02/10/gra_amin-n_ltd058.jpg,D:/PPic/GraphisDataSet/Amin_Niina_新名あみん_2/gra_amin-n_ltd058.jpg,bts
https://www.jav.ink/wp-content/uploads/2020/02/10/gra_amin-n_ltd059.jpg,D:/PPic/GraphisDataSet/Amin_Niina_新名あみん_2/gra_amin-n_ltd059.jpg,bjs
https://www.jav.ink/wp-content/uploads/2020/02/10/gra_amin-n_ltd060.jpg,D:/PPic/GraphisDataSet/Amin_Niina_新名あみん_2/gra_amin-n_ltd060.jpg,yjl
https://www.jav.ink/wp-content/uploads/2020/02/06/gra_amin-n_ltd022.jpg,D:/PPic/GraphisDataSet/Amin_Niina_新名あみん__Xmas_2/gra_amin-n_ltd022.jpg,yzq
https://www.jav.ink/wp-content/uploads/2020/02/06/gra_amin-n_ltd024.jpg,D:/PPic/GraphisDataSet/Amin_Niina_新名あみん__Xmas_2/gra_amin-n_ltd024.jpg,bzq
https://www.jav.ink/wp-content/uploads/2020/02/06/gra_amin-n_ltd028.jpg,D:/PPic/GraphisDataSet/Amin_Niina_新名あみん__Xmas_2/gra_amin-n_ltd028.jpg,qjo
https://www.jav.ink/wp-content/uploads/2020/02/06/gra_amin-n_ltd029.jpg,D:/PPic/GraphisDataSet/Amin_Niina_新名あみん__Xmas_2/gra_amin-n_ltd029.jpg,bzq
https://www.jav.ink/wp-content/uploads/2020/02/06/gra_amin-n_ltd032.jpg,D:/PPic/GraphisDataSet/Amin_Niina_新名あみん__Xmas_2/gra_amin-n_ltd032.jpg,bgq
https://www.jav.ink/wp-content/uploads/2020/02/06/gra_amin-n_ltd034.jpg,D:/PPic/GraphisDataSet/Amin_Niina_新名あみん__Xmas_2/gra_amin-n_ltd034.jpg,bjs
https://www.jav.ink/wp-content/uploads/2020/02/06/gra_amin-n_ltd035.jpg,D:/PPic/GraphisDataSet/Amin_Niina_新名あみん__Xmas_2/gra_amin-n_ltd035.jpg,bjl
https://www.jav.ink/wp-content/uploads/2020/02/06/gra_amin-n_ltd037.jpg,D:/PPic/GraphisDataSet/Amin_Niina_新名あみん__Xmas_2/gra_amin-n_ltd037.jpg,bjl
https://www.jav.ink/wp-content/uploads/2020/02/06/gra_amin-n_ltd039.jpg,D:/PPic/GraphisDataSet/Amin_Niina_新名あみん__Xmas_2/gra_amin-n_ltd039.jpg,b-s
https://www.jav.ink/wp-content/uploads/2020/02/05/gra_amin-n_ltd001.jpg,D:/PPic/GraphisDataSet/Amin_Niina_新名あみん__Xmas/gra_amin-n_ltd001.jpg,yzq
https://www.jav.ink/wp-content/uploads/2020/02/05/gra_amin-n_ltd019.jpg,D:/PPic/GraphisDataSet/Amin_Niina_新名あみん__Xmas/gra_amin-n_ltd019.jpg,qzq
https://www.jav.ink/wp-content/uploads/2020/02/05/gra_amin-n_ltd017.jpg,D:/PPic/GraphisDataSet/Amin_Niina_新名あみん__Xmas/gra_amin-n_ltd017.jpg,qjs
https://www.jav.ink/wp-content/uploads/2020/02/05/gra_amin-n_ltd016.jpg,D:/PPic/GraphisDataSet/Amin_Niina_新名あみん__Xmas/gra_amin-n_ltd016.jpg,bzq
https://www.jav.ink/wp-content/uploads/2020/02/05/gra_amin-n_ltd015.jpg,D:/PPic/GraphisDataSet/Amin_Niina_新名あみん__Xmas/gra_amin-n_ltd015.jpg,bzq
https://www.jav.ink/wp-content/uploads/2020/02/05/gra_amin-n_ltd014.jpg,D:/PPic/GraphisDataSet/Amin_Niina_新名あみん__Xmas/gra_amin-n_ltd014.jpg,bts
https://www.jav.ink/wp-content/uploads/2020/02/05/gra_amin-n_ltd012.jpg,D:/PPic/GraphisDataSet/Amin_Niina_新名あみん__Xmas/gra_amin-n_ltd012.jpg,tjs
https://www.jav.ink/wp-content/uploads/2020/02/05/gra_amin-n_ltd011.jpg,D:/PPic/GraphisDataSet/Amin_Niina_新名あみん__Xmas/gra_amin-n_ltd011.jpg,ygq
https://www.jav.ink/wp-content/uploads/2020/02/05/gra_amin-n_ltd010.jpg,D:/PPic/GraphisDataSet/Amin_Niina_新名あみん__Xmas/gra_amin-n_ltd010.jpg,bjs
https://www.jav.ink/wp-content/uploads/2020/02/05/gra_amin-n_ltd009.jpg,D:/PPic/GraphisDataSet/Amin_Niina_新名あみん__Xmas/gra_amin-n_ltd009.jpg,bzq
https://www.jav.ink/wp-content/uploads/2020/02/05/gra_amin-n_ltd007.jpg,D:/PPic/GraphisDataSet/Amin_Niina_新名あみん__Xmas/gra_amin-n_ltd007.jpg,bzq
https://www.jav.ink/wp-content/uploads/2020/02/05/gra_amin-n_ltd006.jpg,D:/PPic/GraphisDataSet/Amin_Niina_新名あみん__Xmas/gra_amin-n_ltd006.jpg,yzq
https://www.jav.ink/wp-content/uploads/2020/02/05/gra_amin-n_ltd005.jpg,D:/PPic/GraphisDataSet/Amin_Niina_新名あみん__Xmas/gra_amin-n_ltd005.jpg,yzx
https://www.jav.ink/wp-content/uploads/2020/02/05/gra_amin-n_ltd004.jpg,D:/PPic/GraphisDataSet/Amin_Niina_新名あみん__Xmas/gra_amin-n_ltd004.jpg,yjs
https://www.jav.ink/wp-content/uploads/2020/02/05/gra_amin-n_ltd002.jpg,D:/PPic/GraphisDataSet/Amin_Niina_新名あみん__Xmas/gra_amin-n_ltd002.jpg,bgq
https://www.jav.ink/wp-content/uploads/2020/02/05/gra_yua-m4041.jpg,D:/PPic/GraphisDataSet/Yua_Mikami_三上悠/gra_yua-m4041.jpg,ygq
https://www.jav.ink/wp-content/uploads/2020/02/05/gra_yua-m4042.jpg,D:/PPic/GraphisDataSet/Yua_Mikami_三上悠/gra_yua-m4042.jpg,ygs
https://www.jav.ink/wp-content/uploads/2020/02/05/gra_yua-m4044.jpg,D:/PPic/GraphisDataSet/Yua_Mikami_三上悠/gra_yua-m4044.jpg,ygq
https://www.jav.ink/wp-content/uploads/2020/02/05/gra_yua-m4047.jpg,D:/PPic/GraphisDataSet/Yua_Mikami_三上悠/gra_yua-m4047.jpg,yls
https://www.jav.ink/wp-content/uploads/2020/02/05/gra_yua-m4049-1.jpg,D:/PPic/GraphisDataSet/Yua_Mikami_三上悠/gra_yua-m4049-1.jpg,bls
https://www.jav.ink/wp-content/uploads/2020/02/05/gra_yua-m4050.jpg,D:/PPic/GraphisDataSet/Yua_Mikami_三上悠/gra_yua-m4050.jpg,bls
https://www.jav.ink/wp-content/uploads/2020/02/05/gra_yua-m4052.jpg,D:/PPic/GraphisDataSet/Yua_Mikami_三上悠/gra_yua-m4052.jpg,bzq
https://www.jav.ink/wp-content/uploads/2020/02/05/gra_yua-m4053.jpg,D:/PPic/GraphisDataSet/Yua_Mikami_三上悠/gra_yua-m4053.jpg,blq
https://www.jav.ink/wp-content/uploads/2020/02/05/gra_yua-m4057.jpg,D:/PPic/GraphisDataSet/Yua_Mikami_三上悠/gra_yua-m4057.jpg,bgq
https://www.jav.ink/wp-content/uploads/2020/02/05/gra_yua-m4059.jpg,D:/PPic/GraphisDataSet/Yua_Mikami_三上悠/gra_yua-m4059.jpg,bgq
https://www.jav.ink/wp-content/uploads/2020/02/05/gra_yua-m4060.jpg,D:/PPic/GraphisDataSet/Yua_Mikami_三上悠/gra_yua-m4060.jpg,bjp
https://www.jav.ink/wp-content/uploads/2020/02/05/gra_kana-k122.jpg,D:/PPic/GraphisDataSet/Kana_Kusakabe_日下部加奈/gra_kana-k122.jpg,bjl
https://www.jav.ink/wp-content/uploads/2020/02/05/gra_kana-k124.jpg,D:/PPic/GraphisDataSet/Kana_Kusakabe_日下部加奈/gra_kana-k124.jpg,bjs
https://www.jav.ink/wp-content/uploads/2020/02/05/gra_kana-k125.jpg,D:/PPic/GraphisDataSet/Kana_Kusakabe_日下部加奈/gra_kana-k125.jpg,bjx
https://www.jav.ink/wp-content/uploads/2020/02/05/gra_kana-k126.jpg,D:/PPic/GraphisDataSet/Kana_Kusakabe_日下部加奈/gra_kana-k126.jpg,bjs
https://www.jav.ink/wp-content/uploads/2020/02/05/gra_kana-k128.jpg,D:/PPic/GraphisDataSet/Kana_Kusakabe_日下部加奈/gra_kana-k128.jpg,bgq
https://www.jav.ink/wp-content/uploads/2020/02/05/gra_kana-k130-1.jpg,D:/PPic/GraphisDataSet/Kana_Kusakabe_日下部加奈/gra_kana-k130-1.jpg,bgq
https://www.jav.ink/wp-content/uploads/2020/02/05/gra_kana-k131.jpg,D:/PPic/GraphisDataSet/Kana_Kusakabe_日下部加奈/gra_kana-k131.jpg,bjs
https://www.jav.ink/wp-content/uploads/2020/02/05/gra_kana-k132.jpg,D:/PPic/GraphisDataSet/Kana_Kusakabe_日下部加奈/gra_kana-k132.jpg,bjs
https://www.jav.ink/wp-content/uploads/2020/02/05/gra_kana-k133.jpg,D:/PPic/GraphisDataSet/Kana_Kusakabe_日下部加奈/gra_kana-k133.jpg,bgq
https://www.jav.ink/wp-content/uploads/2020/02/05/gra_kana-k134.jpg,D:/PPic/GraphisDataSet/Kana_Kusakabe_日下部加奈/gra_kana-k134.jpg,bjp
https://www.jav.ink/wp-content/uploads/2020/02/05/gra_kana-k135.jpg,D:/PPic/GraphisDataSet/Kana_Kusakabe_日下部加奈/gra_kana-k135.jpg,bjs
https://www.jav.ink/wp-content/uploads/2020/02/05/gra_kana-k136.jpg,D:/PPic/GraphisDataSet/Kana_Kusakabe_日下部加奈/gra_kana-k136.jpg,blq
https://www.jav.ink/wp-content/uploads/2020/02/05/gra_kana-k140.jpg,D:/PPic/GraphisDataSet/Kana_Kusakabe_日下部加奈/gra_kana-k140.jpg,bjp
https://www.jav.ink/wp-content/uploads/2020/02/05/gra_kana-k141.jpg,D:/PPic/GraphisDataSet/Kana_Kusakabe_日下部加奈/gra_kana-k141.jpg,qjx
https://www.jav.ink/wp-content/uploads/2020/02/05/gra_kana-k143.jpg,D:/PPic/GraphisDataSet/Kana_Kusakabe_日下部加奈/gra_kana-k143.jpg,qzq
https://www.jav.ink/wp-content/uploads/2020/02/05/gra_kana-k145.jpg,D:/PPic/GraphisDataSet/Kana_Kusakabe_日下部加奈/gra_kana-k145.jpg,qgq
https://www.jav.ink/wp-content/uploads/2020/02/05/gra_kana-k146.jpg,D:/PPic/GraphisDataSet/Kana_Kusakabe_日下部加奈/gra_kana-k146.jpg,qjx
https://www.jav.ink/wp-content/uploads/2020/02/05/gra_kana-k148.jpg,D:/PPic/GraphisDataSet/Kana_Kusakabe_日下部加奈/gra_kana-k148.jpg,qjs
https://www.jav.ink/wp-content/uploads/2020/02/05/gra_kana-k150.jpg,D:/PPic/GraphisDataSet/Kana_Kusakabe_日下部加奈/gra_kana-k150.jpg,qgq
https://www.jav.ink/wp-content/uploads/2020/02/05/gra_amin-n061.jpg,D:/PPic/GraphisDataSet/Amin_Niina_新名あみん/gra_amin-n061.jpg,yjs
https://www.jav.ink/wp-content/uploads/2020/02/05/gra_amin-n062.jpg,D:/PPic/GraphisDataSet/Amin_Niina_新名あみん/gra_amin-n062.jpg,yjs
https://www.jav.ink/wp-content/uploads/2020/02/05/gra_amin-n064.jpg,D:/PPic/GraphisDataSet/Amin_Niina_新名あみん/gra_amin-n064.jpg,yjx
https://www.jav.ink/wp-content/uploads/2020/02/05/gra_amin-n065.jpg,D:/PPic/GraphisDataSet/Amin_Niina_新名あみん/gra_amin-n065.jpg,ygx
https://www.jav.ink/wp-content/uploads/2020/02/05/gra_amin-n066.jpg,D:/PPic/GraphisDataSet/Amin_Niina_新名あみん/gra_amin-n066.jpg,ygs
https://www.jav.ink/wp-content/uploads/2020/02/05/gra_amin-n067.jpg,D:/PPic/GraphisDataSet/Amin_Niina_新名あみん/gra_amin-n067.jpg,yjx
https://www.jav.ink/wp-content/uploads/2020/02/05/gra_amin-n068.jpg,D:/PPic/GraphisDataSet/Amin_Niina_新名あみん/gra_amin-n068.jpg,ygq
https://www.jav.ink/wp-content/uploads/2020/02/05/gra_amin-n069.jpg,D:/PPic/GraphisDataSet/Amin_Niina_新名あみん/gra_amin-n069.jpg,bjs
https://www.jav.ink/wp-content/uploads/2020/02/05/gra_amin-n070.jpg,D:/PPic/GraphisDataSet/Amin_Niina_新名あみん/gra_amin-n070.jpg,bjs
https://www.jav.ink/wp-content/uploads/2020/02/05/gra_amin-n071.jpg,D:/PPic/GraphisDataSet/Amin_Niina_新名あみん/gra_amin-n071.jpg,bjs
https://www.jav.ink/wp-content/uploads/2020/02/05/gra_amin-n072.jpg,D:/PPic/GraphisDataSet/Amin_Niina_新名あみん/gra_amin-n072.jpg,bgq
https://www.jav.ink/wp-content/uploads/2020/02/05/gra_amin-n073.jpg,D:/PPic/GraphisDataSet/Amin_Niina_新名あみん/gra_amin-n073.jpg,bjx
https://www.jav.ink/wp-content/uploads/2020/02/05/gra_amin-n074.jpg,D:/PPic/GraphisDataSet/Amin_Niina_新名あみん/gra_amin-n074.jpg,yzq
https://www.jav.ink/wp-content/uploads/2020/02/05/gra_amin-n076.jpg,D:/PPic/GraphisDataSet/Amin_Niina_新名あみん/gra_amin-n076.jpg,bzq
https://www.jav.ink/wp-content/uploads/2020/02/05/gra_amin-n078.jpg,D:/PPic/GraphisDataSet/Amin_Niina_新名あみん/gra_amin-n078.jpg,yzs
https://www.jav.ink/wp-content/uploads/2020/02/05/making_shoko-t3003.jpg,D:/PPic/GraphisDataSet/Shoko_Takahashi/making_shoko-t3003.jpg,yzs
https://www.jav.ink/wp-content/uploads/2020/02/05/making_shoko-t3005.jpg,D:/PPic/GraphisDataSet/Shoko_Takahashi/making_shoko-t3005.jpg,yzq
https://www.jav.ink/wp-content/uploads/2020/02/05/making_shoko-t3006.jpg,D:/PPic/GraphisDataSet/Shoko_Takahashi/making_shoko-t3006.jpg,yzq
https://www.jav.ink/wp-content/uploads/2020/02/05/making_shoko-t3010.jpg,D:/PPic/GraphisDataSet/Shoko_Takahashi/making_shoko-t3010.jpg,yzq
https://www.jav.ink/wp-content/uploads/2020/02/05/making_shoko-t3012.jpg,D:/PPic/GraphisDataSet/Shoko_Takahashi/making_shoko-t3012.jpg,yjs
https://www.jav.ink/wp-content/uploads/2020/02/05/making_shoko-t3016.jpg,D:/PPic/GraphisDataSet/Shoko_Takahashi/making_shoko-t3016.jpg,yzq
https://www.jav.ink/wp-content/uploads/2020/02/05/making_shoko-t3017.jpg,D:/PPic/GraphisDataSet/Shoko_Takahashi/making_shoko-t3017.jpg,yjs
https://www.jav.ink/wp-content/uploads/2020/02/05/making_shoko-t3018.jpg,D:/PPic/GraphisDataSet/Shoko_Takahashi/making_shoko-t3018.jpg,ygq
https://www.jav.ink/wp-content/uploads/2020/02/05/making_shoko-t3019.jpg,D:/PPic/GraphisDataSet/Shoko_Takahashi/making_shoko-t3019.jpg,blq
https://www.jav.ink/wp-content/uploads/2020/02/05/making_shoko-t3020-1.jpg,D:/PPic/GraphisDataSet/Shoko_Takahashi/making_shoko-t3020-1.jpg,bld
https://www.jav.ink/wp-content/uploads/2020/02/05/gra_h_rika-h_ltd002.jpg,D:/PPic/GraphisDataSet/逢リカ_Rika_Aimi/gra_h_rika-h_ltd002.jpg,qlq
https://www.jav.ink/wp-content/uploads/2020/02/05/gra_h_rika-h_ltd004.jpg,D:/PPic/GraphisDataSet/逢リカ_Rika_Aimi/gra_h_rika-h_ltd004.jpg,qlq
https://www.jav.ink/wp-content/uploads/2020/02/05/gra_h_rika-h_ltd005.jpg,D:/PPic/GraphisDataSet/逢リカ_Rika_Aimi/gra_h_rika-h_ltd005.jpg,qzq
https://www.jav.ink/wp-content/uploads/2020/02/05/gra_h_rika-h_ltd006.jpg,D:/PPic/GraphisDataSet/逢リカ_Rika_Aimi/gra_h_rika-h_ltd006.jpg,qjs
https://www.jav.ink/wp-content/uploads/2020/02/05/gra_h_rika-h_ltd007.jpg,D:/PPic/GraphisDataSet/逢リカ_Rika_Aimi/gra_h_rika-h_ltd007.jpg,ntq
https://www.jav.ink/wp-content/uploads/2020/02/05/gra_h_rika-h_ltd011.jpg,D:/PPic/GraphisDataSet/逢リカ_Rika_Aimi/gra_h_rika-h_ltd011.jpg,ntq
https://www.jav.ink/wp-content/uploads/2020/02/05/gra_h_rika-h_ltd012.jpg,D:/PPic/GraphisDataSet/逢リカ_Rika_Aimi/gra_h_rika-h_ltd012.jpg,bzs
https://www.jav.ink/wp-content/uploads/2020/02/05/gra_h_rika-h_ltd014.jpg,D:/PPic/GraphisDataSet/逢リカ_Rika_Aimi/gra_h_rika-h_ltd014.jpg,bjs
https://www.jav.ink/wp-content/uploads/2020/02/05/gra_h_rika-h_ltd015.jpg,D:/PPic/GraphisDataSet/逢リカ_Rika_Aimi/gra_h_rika-h_ltd015.jpg,bzx
https://www.jav.ink/wp-content/uploads/2020/02/05/gra_h_rika-h_ltd016.jpg,D:/PPic/GraphisDataSet/逢リカ_Rika_Aimi/gra_h_rika-h_ltd016.jpg,bjs
https://www.jav.ink/wp-content/uploads/2020/02/05/gra_h_rika-h_ltd018.jpg,D:/PPic/GraphisDataSet/逢リカ_Rika_Aimi/gra_h_rika-h_ltd018.jpg,bjs
https://www.jav.ink/wp-content/uploads/2020/02/05/gra_h_rika-h_ltd019.jpg,D:/PPic/GraphisDataSet/逢リカ_Rika_Aimi/gra_h_rika-h_ltd019.jpg,btd
https://www.jav.ink/wp-content/uploads/2020/02/05/gra_h_rika-h_ltd020.jpg,D:/PPic/GraphisDataSet/逢リカ_Rika_Aimi/gra_h_rika-h_ltd020.jpg,btq
https://www.jav.ink/wp-content/uploads/2020/02/05/gra_nono-m001.jpg,D:/PPic/GraphisDataSet/水gのの_Nono_Mizusawa/gra_nono-m001.jpg,ylq
https://www.jav.ink/wp-content/uploads/2020/02/05/gra_nono-m019.jpg,D:/PPic/GraphisDataSet/水gのの_Nono_Mizusawa/gra_nono-m019.jpg,bzd
https://www.jav.ink/wp-content/uploads/2020/02/05/gra_nono-m018.jpg,D:/PPic/GraphisDataSet/水gのの_Nono_Mizusawa/gra_nono-m018.jpg,bzq
https://www.jav.ink/wp-content/uploads/2020/02/05/gra_nono-m017.jpg,D:/PPic/GraphisDataSet/水gのの_Nono_Mizusawa/gra_nono-m017.jpg,bzd
https://www.jav.ink/wp-content/uploads/2020/02/05/gra_nono-m015.jpg,D:/PPic/GraphisDataSet/水gのの_Nono_Mizusawa/gra_nono-m015.jpg,bjs
https://www.jav.ink/wp-content/uploads/2020/02/05/gra_nono-m014.jpg,D:/PPic/GraphisDataSet/水gのの_Nono_Mizusawa/gra_nono-m014.jpg,blq
https://www.jav.ink/wp-content/uploads/2020/02/05/gra_nono-m012.jpg,D:/PPic/GraphisDataSet/水gのの_Nono_Mizusawa/gra_nono-m012.jpg,bjx
https://www.jav.ink/wp-content/uploads/2020/02/05/gra_nono-m011.jpg,D:/PPic/GraphisDataSet/水gのの_Nono_Mizusawa/gra_nono-m011.jpg,ylq
https://www.jav.ink/wp-content/uploads/2020/02/05/gra_nono-m010.jpg,D:/PPic/GraphisDataSet/水gのの_Nono_Mizusawa/gra_nono-m010.jpg,ylq
https://www.jav.ink/wp-content/uploads/2020/02/05/gra_nono-m009.jpg,D:/PPic/GraphisDataSet/水gのの_Nono_Mizusawa/gra_nono-m009.jpg,yls
https://www.jav.ink/wp-content/uploads/2020/02/05/gra_nono-m008.jpg,D:/PPic/GraphisDataSet/水gのの_Nono_Mizusawa/gra_nono-m008.jpg,ylq
https://www.jav.ink/wp-content/uploads/2020/02/05/gra_nono-m007.jpg,D:/PPic/GraphisDataSet/水gのの_Nono_Mizusawa/gra_nono-m007.jpg,yjs
https://www.jav.ink/wp-content/uploads/2020/02/05/gra_nono-m006.jpg,D:/PPic/GraphisDataSet/水gのの_Nono_Mizusawa/gra_nono-m006.jpg,ylq
https://www.jav.ink/wp-content/uploads/2020/02/05/gra_nono-m004.jpg,D:/PPic/GraphisDataSet/水gのの_Nono_Mizusawa/gra_nono-m004.jpg,yjl
https://www.jav.ink/wp-content/uploads/2020/02/05/gra_nono-m002.jpg,D:/PPic/GraphisDataSet/水gのの_Nono_Mizusawa/gra_nono-m002.jpg,yjt
https://www.jav.ink/wp-content/uploads/2020/02/05/nodoka-sakuraba_daily001.jpg,D:/PPic/GraphisDataSet/@羽のどか_Nodoka_Sakuraba/nodoka-sakuraba_daily001.jpg,yjs
https://www.jav.ink/wp-content/uploads/2020/02/05/nodoka-sakuraba_daily002.jpg,D:/PPic/GraphisDataSet/@羽のどか_Nodoka_Sakuraba/nodoka-sakuraba_daily002.jpg,-jl
https://www.jav.ink/wp-content/uploads/2020/02/05/nodoka-sakuraba_daily004.jpg,D:/PPic/GraphisDataSet/@羽のどか_Nodoka_Sakuraba/nodoka-sakuraba_daily004.jpg,qlq
https://www.jav.ink/wp-content/uploads/2020/02/05/nodoka-sakuraba_daily006.jpg,D:/PPic/GraphisDataSet/@羽のどか_Nodoka_Sakuraba/nodoka-sakuraba_daily006.jpg,yzq
https://www.jav.ink/wp-content/uploads/2020/02/05/nodoka-sakuraba_daily007.jpg,D:/PPic/GraphisDataSet/@羽のどか_Nodoka_Sakuraba/nodoka-sakuraba_daily007.jpg,yjs
https://www.jav.ink/wp-content/uploads/2020/02/05/nodoka-sakuraba_daily008.jpg,D:/PPic/GraphisDataSet/@羽のどか_Nodoka_Sakuraba/nodoka-sakuraba_daily008.jpg,nzs
https://www.jav.ink/wp-content/uploads/2020/02/05/nodoka-sakuraba_daily009.jpg,D:/PPic/GraphisDataSet/@羽のどか_Nodoka_Sakuraba/nodoka-sakuraba_daily009.jpg,-jl
https://www.jav.ink/wp-content/uploads/2020/02/05/nodoka-sakuraba_daily010.jpg,D:/PPic/GraphisDataSet/@羽のどか_Nodoka_Sakuraba/nodoka-sakuraba_daily010.jpg,ngq
https://www.jav.ink/wp-content/uploads/2020/02/05/nodoka-sakuraba_daily011.jpg,D:/PPic/GraphisDataSet/@羽のどか_Nodoka_Sakuraba/nodoka-sakuraba_daily011.jpg,-jl
https://www.jav.ink/wp-content/uploads/2020/02/05/nodoka-sakuraba_daily012.jpg,D:/PPic/GraphisDataSet/@羽のどか_Nodoka_Sakuraba/nodoka-sakuraba_daily012.jpg,bjs
https://www.jav.ink/wp-content/uploads/2020/02/05/nodoka-sakuraba_daily013.jpg,D:/PPic/GraphisDataSet/@羽のどか_Nodoka_Sakuraba/nodoka-sakuraba_daily013.jpg,njs
https://www.jav.ink/wp-content/uploads/2020/02/05/nodoka-sakuraba_daily014.jpg,D:/PPic/GraphisDataSet/@羽のどか_Nodoka_Sakuraba/nodoka-sakuraba_daily014.jpg,qlq
https://www.jav.ink/wp-content/uploads/2020/02/05/nodoka-sakuraba_daily015.jpg,D:/PPic/GraphisDataSet/@羽のどか_Nodoka_Sakuraba/nodoka-sakuraba_daily015.jpg,yls
https://www.jav.ink/wp-content/uploads/2020/02/05/nodoka-sakuraba_daily016.jpg,D:/PPic/GraphisDataSet/@羽のどか_Nodoka_Sakuraba/nodoka-sakuraba_daily016.jpg,qgq
https://www.jav.ink/wp-content/uploads/2020/02/05/nodoka-sakuraba_daily018.jpg,D:/PPic/GraphisDataSet/@羽のどか_Nodoka_Sakuraba/nodoka-sakuraba_daily018.jpg,qjs
https://www.jav.ink/wp-content/uploads/2020/02/05/nodoka-sakuraba_daily019.jpg,D:/PPic/GraphisDataSet/@羽のどか_Nodoka_Sakuraba/nodoka-sakuraba_daily019.jpg,ngq
https://www.jav.ink/wp-content/uploads/2020/02/05/nodoka-sakuraba_daily020.jpg,D:/PPic/GraphisDataSet/@羽のどか_Nodoka_Sakuraba/nodoka-sakuraba_daily020.jpg,ygs
https://www.jav.ink/wp-content/uploads/2020/02/05/nodoka-sakuraba_daily021.jpg,D:/PPic/GraphisDataSet/@羽のどか_Nodoka_Sakuraba/nodoka-sakuraba_daily021.jpg,bjs
https://www.jav.ink/wp-content/uploads/2020/02/05/nodoka-sakuraba_daily023.jpg,D:/PPic/GraphisDataSet/@羽のどか_Nodoka_Sakuraba/nodoka-sakuraba_daily023.jpg,bgq
https://www.jav.ink/wp-content/uploads/2020/02/05/nodoka-sakuraba_daily024.jpg,D:/PPic/GraphisDataSet/@羽のどか_Nodoka_Sakuraba/nodoka-sakuraba_daily024.jpg,qzq
https://www.jav.ink/wp-content/uploads/2020/02/05/nodoka-sakuraba_daily025.jpg,D:/PPic/GraphisDataSet/@羽のどか_Nodoka_Sakuraba/nodoka-sakuraba_daily025.jpg,qlq
https://www.jav.ink/wp-content/uploads/2020/02/05/nodoka-sakuraba_daily026.jpg,D:/PPic/GraphisDataSet/@羽のどか_Nodoka_Sakuraba/nodoka-sakuraba_daily026.jpg,qjs
https://www.jav.ink/wp-content/uploads/2020/02/05/nodoka-sakuraba_daily027.jpg,D:/PPic/GraphisDataSet/@羽のどか_Nodoka_Sakuraba/nodoka-sakuraba_daily027.jpg,yzq
https://www.jav.ink/wp-content/uploads/2020/02/05/nodoka-sakuraba_daily029.jpg,D:/PPic/GraphisDataSet/@羽のどか_Nodoka_Sakuraba/nodoka-sakuraba_daily029.jpg,qjs
https://www.jav.ink/wp-content/uploads/2020/02/05/nodoka-sakuraba_daily030.jpg,D:/PPic/GraphisDataSet/@羽のどか_Nodoka_Sakuraba/nodoka-sakuraba_daily030.jpg,qjl
https://www.jav.ink/wp-content/uploads/2020/02/05/nodoka-sakuraba_daily031.jpg,D:/PPic/GraphisDataSet/@羽のどか_Nodoka_Sakuraba/nodoka-sakuraba_daily031.jpg,qjs
https://www.jav.ink/wp-content/uploads/2020/02/05/pic.jpg,D:/PPic/GraphisDataSet/@羽のどか_Nodoka_Sakuraba/pic.jpg,---
https://www.jav.ink/wp-content/uploads/2020/02/05/gra_kana-m5_sp_ltd001.jpg,D:/PPic/GraphisDataSet/桃乃木かな_Kana_Momonogi/gra_kana-m5_sp_ltd001.jpg,qjs
https://www.jav.ink/wp-content/uploads/2020/02/05/gra_kana-m5_sp_ltd002.jpg,D:/PPic/GraphisDataSet/桃乃木かな_Kana_Momonogi/gra_kana-m5_sp_ltd002.jpg,qzs
https://www.jav.ink/wp-content/uploads/2020/02/05/gra_kana-m5_sp_ltd004.jpg,D:/PPic/GraphisDataSet/桃乃木かな_Kana_Momonogi/gra_kana-m5_sp_ltd004.jpg,qgs
https://www.jav.ink/wp-content/uploads/2020/02/05/gra_kana-m5_sp_ltd005.jpg,D:/PPic/GraphisDataSet/桃乃木かな_Kana_Momonogi/gra_kana-m5_sp_ltd005.jpg,qgq
https://www.jav.ink/wp-content/uploads/2020/02/05/gra_kana-m5_sp_ltd006.jpg,D:/PPic/GraphisDataSet/桃乃木かな_Kana_Momonogi/gra_kana-m5_sp_ltd006.jpg,qzq
https://www.jav.ink/wp-content/uploads/2020/02/05/gra_kana-m5_sp_ltd007.jpg,D:/PPic/GraphisDataSet/桃乃木かな_Kana_Momonogi/gra_kana-m5_sp_ltd007.jpg,qjs
https://www.jav.ink/wp-content/uploads/2020/02/05/gra_kana-m5_sp_ltd008.jpg,D:/PPic/GraphisDataSet/桃乃木かな_Kana_Momonogi/gra_kana-m5_sp_ltd008.jpg,qlq
https://www.jav.ink/wp-content/uploads/2020/02/05/gra_kana-m5_sp_ltd009.jpg,D:/PPic/GraphisDataSet/桃乃木かな_Kana_Momonogi/gra_kana-m5_sp_ltd009.jpg,qlq
https://www.jav.ink/wp-content/uploads/2020/02/05/gra_kana-m5_sp_ltd010.jpg,D:/PPic/GraphisDataSet/桃乃木かな_Kana_Momonogi/gra_kana-m5_sp_ltd010.jpg,qdq
https://www.jav.ink/wp-content/uploads/2020/02/05/gra_kana-m5_sp_ltd011.jpg,D:/PPic/GraphisDataSet/桃乃木かな_Kana_Momonogi/gra_kana-m5_sp_ltd011.jpg,qgq
https://www.jav.ink/wp-content/uploads/2020/02/05/gra_kana-m5_sp_ltd012.jpg,D:/PPic/GraphisDataSet/桃乃木かな_Kana_Momonogi/gra_kana-m5_sp_ltd012.jpg,qzs
https://www.jav.ink/wp-content/uploads/2020/02/05/gra_kana-m5_sp_ltd014.jpg,D:/PPic/GraphisDataSet/桃乃木かな_Kana_Momonogi/gra_kana-m5_sp_ltd014.jpg,qzs
https://www.jav.ink/wp-content/uploads/2020/02/05/gra_kana-m5_sp_ltd015.jpg,D:/PPic/GraphisDataSet/桃乃木かな_Kana_Momonogi/gra_kana-m5_sp_ltd015.jpg,qws
https://www.jav.ink/wp-content/uploads/2020/02/05/gra_kana-m5_sp_ltd016.jpg,D:/PPic/GraphisDataSet/桃乃木かな_Kana_Momonogi/gra_kana-m5_sp_ltd016.jpg,qgq
https://www.jav.ink/wp-content/uploads/2020/02/05/gra_kana-m5_sp_ltd017.jpg,D:/PPic/GraphisDataSet/桃乃木かな_Kana_Momonogi/gra_kana-m5_sp_ltd017.jpg,njs
https://www.jav.ink/wp-content/uploads/2020/02/05/gra_kana-m5_sp_ltd018.jpg,D:/PPic/GraphisDataSet/桃乃木かな_Kana_Momonogi/gra_kana-m5_sp_ltd018.jpg,nzq
https://www.jav.ink/wp-content/uploads/2020/02/05/gra_kana-m5_sp_ltd020.jpg,D:/PPic/GraphisDataSet/桃乃木かな_Kana_Momonogi/gra_kana-m5_sp_ltd020.jpg,qzd
https://www.jav.ink/wp-content/uploads/2020/02/05/gra_minami-h2_ltd004.jpg,D:/PPic/GraphisDataSet/初川みなみ_Minami_Hatsukawa/gra_minami-h2_ltd004.jpg,njs
https://www.jav.ink/wp-content/uploads/2020/02/05/gra_minami-h2_ltd002.jpg,D:/PPic/GraphisDataSet/初川みなみ_Minami_Hatsukawa/gra_minami-h2_ltd002.jpg,yzq
https://www.jav.ink/wp-content/uploads/2020/02/05/gra_minami-h2_ltd001.jpg,D:/PPic/GraphisDataSet/初川みなみ_Minami_Hatsukawa/gra_minami-h2_ltd001.jpg,ylq
https://www.jav.ink/wp-content/uploads/2020/02/05/gra_minami-h2_ltd020.jpg,D:/PPic/GraphisDataSet/初川みなみ_Minami_Hatsukawa/gra_minami-h2_ltd020.jpg,qld
https://www.jav.ink/wp-content/uploads/2020/02/05/gra_minami-h2_ltd019.jpg,D:/PPic/GraphisDataSet/初川みなみ_Minami_Hatsukawa/gra_minami-h2_ltd019.jpg,qld
https://www.jav.ink/wp-content/uploads/2020/02/05/gra_minami-h2_ltd017.jpg,D:/PPic/GraphisDataSet/初川みなみ_Minami_Hatsukawa/gra_minami-h2_ltd017.jpg,qlq
https://www.jav.ink/wp-content/uploads/2020/02/05/gra_minami-h2_ltd014.jpg,D:/PPic/GraphisDataSet/初川みなみ_Minami_Hatsukawa/gra_minami-h2_ltd014.jpg,bzq
https://www.jav.ink/wp-content/uploads/2020/02/05/gra_minami-h2_ltd012.jpg,D:/PPic/GraphisDataSet/初川みなみ_Minami_Hatsukawa/gra_minami-h2_ltd012.jpg,bzq
https://www.jav.ink/wp-content/uploads/2020/02/05/gra_minami-h2_ltd011.jpg,D:/PPic/GraphisDataSet/初川みなみ_Minami_Hatsukawa/gra_minami-h2_ltd011.jpg,qlq
https://www.jav.ink/wp-content/uploads/2020/02/05/gra_minami-h2_ltd010.jpg,D:/PPic/GraphisDataSet/初川みなみ_Minami_Hatsukawa/gra_minami-h2_ltd010.jpg,qzq
https://www.jav.ink/wp-content/uploads/2020/02/05/gra_minami-h2_ltd009.jpg,D:/PPic/GraphisDataSet/初川みなみ_Minami_Hatsukawa/gra_minami-h2_ltd009.jpg,nlq
https://www.jav.ink/wp-content/uploads/2020/02/05/gra_minami-h2_ltd008.jpg,D:/PPic/GraphisDataSet/初川みなみ_Minami_Hatsukawa/gra_minami-h2_ltd008.jpg,nlq
https://www.jav.ink/wp-content/uploads/2020/02/05/gra_minami-h2_ltd007.jpg,D:/PPic/GraphisDataSet/初川みなみ_Minami_Hatsukawa/gra_minami-h2_ltd007.jpg,nzq
https://www.jav.ink/wp-content/uploads/2020/02/05/gra_minami-h2_ltd006.jpg,D:/PPic/GraphisDataSet/初川みなみ_Minami_Hatsukawa/gra_minami-h2_ltd006.jpg,qld
